[{
    "key": "TOKEN_DEV_fjhsdfhf_DEV_TOKEN",
    "discordID": "889989767557693580",
    "nameColor": "#AA0000",
    "testbedTank": "testbed",
    "name": "Oblivion#4800",
    "note": "Mistik, please leave this as a contributor token since I did kinda put a lot of work into this :slight-sweat:"
}, {
    "key": "TOKEN_DEV_dhfsr328ryhjf_DEV_TOKEN",
    "discordID": "108693490430402560",
    "nameColor": "#FF0000",
    "testbedTank": "testbed",
    "name": "〖ƝƁƘ〗✧Ṃ!ṨҬ!Ḱ✧#0001",
    "note": "Owner"
}]